CREATE DATABASE  IF NOT EXISTS `challenge` /*!40100 DEFAULT CHARACTER SET utf8mb4 COLLATE utf8mb4_0900_ai_ci */ /*!80016 DEFAULT ENCRYPTION='N' */;
USE `challenge`;
-- MySQL dump 10.13  Distrib 8.0.22, for macos10.15 (x86_64)
--
-- Host: coding-challenge.czp1juewdv9m.us-east-2.rds.amazonaws.com    Database: challenge
-- ------------------------------------------------------
-- Server version	8.0.20

/*!40101 SET @OLD_CHARACTER_SET_CLIENT=@@CHARACTER_SET_CLIENT */;
/*!40101 SET @OLD_CHARACTER_SET_RESULTS=@@CHARACTER_SET_RESULTS */;
/*!40101 SET @OLD_COLLATION_CONNECTION=@@COLLATION_CONNECTION */;
/*!50503 SET NAMES utf8 */;
/*!40103 SET @OLD_TIME_ZONE=@@TIME_ZONE */;
/*!40103 SET TIME_ZONE='+00:00' */;
/*!40014 SET @OLD_UNIQUE_CHECKS=@@UNIQUE_CHECKS, UNIQUE_CHECKS=0 */;
/*!40014 SET @OLD_FOREIGN_KEY_CHECKS=@@FOREIGN_KEY_CHECKS, FOREIGN_KEY_CHECKS=0 */;
/*!40101 SET @OLD_SQL_MODE=@@SQL_MODE, SQL_MODE='NO_AUTO_VALUE_ON_ZERO' */;
/*!40111 SET @OLD_SQL_NOTES=@@SQL_NOTES, SQL_NOTES=0 */;
SET @MYSQLDUMP_TEMP_LOG_BIN = @@SESSION.SQL_LOG_BIN;
SET @@SESSION.SQL_LOG_BIN= 0;

--
-- GTID state at the beginning of the backup 
--

SET @@GLOBAL.GTID_PURGED=/*!80000 '+'*/ '';

--
-- Table structure for table `tmdb`
--

DROP TABLE IF EXISTS `tmdb`;
/*!40101 SET @saved_cs_client     = @@character_set_client */;
/*!50503 SET character_set_client = utf8mb4 */;
CREATE TABLE `tmdb` (
  `tmdb_id` varchar(45) NOT NULL,
  `imdb_id` varchar(45) DEFAULT NULL,
  `title` varchar(45) DEFAULT NULL,
  `keywords` varchar(150) DEFAULT NULL,
  PRIMARY KEY (`tmdb_id`),
  KEY `imdb_id_idx` (`imdb_id`)
) ENGINE=InnoDB DEFAULT CHARSET=utf8mb4 COLLATE=utf8mb4_0900_ai_ci;
/*!40101 SET character_set_client = @saved_cs_client */;

--
-- Dumping data for table `tmdb`
--

LOCK TABLES `tmdb` WRITE;
/*!40000 ALTER TABLE `tmdb` DISABLE KEYS */;
INSERT INTO `tmdb` VALUES ('340102','tt4682266','The New Mutants','[\'mutant\', \'superhero\', \'based on comic\', \'superhero team\', \'captivity\', \'x-men\']'),('435615','tt5918982','Possessor Uncut','[\'dystopia\', \'violence\', \'machine\', \'apartment\', \'corporation\', \'assassination attempt\']'),('447362','tt6598238','Life in a Year','[]'),('472815','tt7070818','Buddy Games','[\'sports\', \'team\']'),('480434','tt5294522','Dreamland','[\'bounty hunter\', \'bank robber\', \'fugitive\']'),('513310','tt7638348','Boss Level','[\'time loop\']'),('520172','tt8522006','Happiest Season','[\'marriage proposal\', \'coming out\', \'romantic comedy\', \'lesbian relationship\', \'in the closet\', \'orphan\', \'family holiday\', \'lgbt\', \'woman director\', '),('521007','tt7178640','Superintelligence','[]'),('524047','tt7737786','Greenland','[\'husband wife relationship\', \'kidnapping\', \'panic\', \'looting\', \'state of emergency\', \'comet\', \'natural disaster\', \'end of the world\', \'disaster\', \'ap'),('526702','tt8484160','Black Beauty','[]'),('527400','tt5714470','Come Away','[\'woman director\']'),('556501','tt8710596','Jungleland','[]'),('577922','tt6723592','Tenet','[\'norway\', \'time\', \'espionage\', \'crime scene\', \'car chase\', \'swat team\', \'terrorist attack\', \'spy thriller\']'),('590706','tt9624766','Jiu Jitsu','[\'jiu-jitsu\']'),('596161','tt9340860','Let Him Go','[\'based on novel or book\']'),('602211','tt10310140','Fatman','[\'santa claus\', \'hitman\', \'north pole\', \'evil child\', \'christmas\']'),('604822','tt9695722','Vanguard','[]'),('604872','tt9203190','Skyfire','[]'),('633490','tt9916190','Safeguard','[]'),('643882','tt11199410','The Princess Switch: Switched Again','[\'royal family\', \'sequel\', \'look-alike\', \'christmas\']'),('649401','tt11229780','Infidel','[]'),('654028','tt11057644','The Christmas Chronicles: Part Two','[\'santa claus\', \'sequel\', \'christmas\']'),('680593','tt10229558','The Dark and the Wicked','[\'suicide\', \'texas\', \'possession\', \'grief\', \'priest\', \'haunting\', \'violence\', \'isolated farmhouse\', \'goats\', \'severed finger\', \'brother sister relatio'),('682377','tt10944486','Chick Fight','[]'),('702525','tt9204164','Bigfoot Family','[\'bigfoot\', \'family\']'),('715239','tt9419976','Triggered','[]'),('738362','tt13315308','The Fresh Prince of Bel-Air Reunion Special','[]'),('744738','tt11835714','Dune Drifter','[]'),('754219','tt6794504','Last Three Days','[\'undercover\']'),('758935','tt10103028','Blindfire','[]');
/*!40000 ALTER TABLE `tmdb` ENABLE KEYS */;
UNLOCK TABLES;

--
-- Table structure for table `torrent_tmdb_join`
--

DROP TABLE IF EXISTS `torrent_tmdb_join`;
/*!40101 SET @saved_cs_client     = @@character_set_client */;
/*!50503 SET character_set_client = utf8mb4 */;
CREATE TABLE `torrent_tmdb_join` (
  `torrent_name` varchar(200) NOT NULL,
  `title` varchar(45) DEFAULT NULL,
  `imdb_id` varchar(45) DEFAULT NULL,
  `tmdb_id` varchar(45) DEFAULT NULL,
  `size` varchar(45) DEFAULT NULL,
  `seeders` varchar(45) DEFAULT NULL,
  `leechers` varchar(45) DEFAULT NULL,
  `infohash` varchar(45) NOT NULL,
  `keywords` varchar(45) DEFAULT NULL,
  PRIMARY KEY (`torrent_name`,`infohash`)
) ENGINE=InnoDB DEFAULT CHARSET=utf8mb4 COLLATE=utf8mb4_0900_ai_ci;
/*!40101 SET character_set_client = @saved_cs_client */;

--
-- Dumping data for table `torrent_tmdb_join`
--

LOCK TABLES `torrent_tmdb_join` WRITE;
/*!40000 ALTER TABLE `torrent_tmdb_join` DISABLE KEYS */;
INSERT INTO `torrent_tmdb_join` VALUES ('3 (Three) (2012) UNCUT 720p WEB-HDRip x264 Esubs [Dual Audio] [Hindi DD 2.0 - Ta...',NULL,'Not Available',NULL,'1.6 GB','78','19','8F8568E516D81E1296008FFE82A167B516C73EAD',NULL),('A Timeless Christmas 2020 Hallmark 720p HDTV X264 Solar',NULL,'Not Available',NULL,'1.1 GB','339','72','7787857851411973B4FC1A5C6B051E304ED637B5',NULL),('Anwar Ka Ajab Kissa (2020) Hindi (720p WEBRip x265 HEVC 10bit AAC 2.0 ESub) - [M...',NULL,'Not Available',NULL,'1,022.2 MB','60','6','6B089BE08A182BA8A7EE84B2188EC55BC7D9FB0C',NULL),('Anwar Ka Ajab Kissa 2020 - Hindi - 720p EROS WEB-DL - AAC 2.0 - H264 - SunGeorge',NULL,'Not Available',NULL,'1.2 GB','131','12','75B89EDD0744C27AF2A8614F9D27D61F181BBA54',NULL),('Anwar Ka Ajab Kissa.2020.1080p.EROS.WEB-DL.AAC.2.0.X264-Telly',NULL,'Not Available',NULL,'3.1 GB','303','28','DA0A930EC32EAE565324DCBC71B2954A4FAAD8E7',NULL),('Aravinda Sametha Veera Raghava (2018) UNCUT 720p WEB-HDRip x264 [Dual Audio] [Hi...',NULL,'Not Available',NULL,'1.6 GB','120','17','2A7C177799D9302921748CFE89973D907B10B7F4',NULL),('Bedroom.Eyes.2017.720p.HDRip.WOW',NULL,'Not Available',NULL,'776.2 MB','68','17','3B8AC1F014A23EC959D8D6C3744FB6740C51AFEC',NULL),('Bicchoo.Ka.Khel.S01.2020.1080p.ALT.WEB-DL.AAC2.0.x264-Telly',NULL,'Not Available',NULL,'5.5 GB','180','48','57096C622D5260CDF2CB445FF28BD5373960B578',NULL),('Bigfoot.Family.2020.720p.WEBRip.800MB.x264-GalaxyRG ⭐','Bigfoot Family','tt9204164','702525','796.5 MB','548','55','EBC13A7C0AEE7E3959A302290C116A38AF048F71','[\'bigfoot\', \'family\']'),('Black.Beauty.2020.720p.DSNP.WEBRip.800MB.x264-GalaxyRG ⭐','Black Beauty','tt8484160','526702','793.1 MB','465','87','F4E68E489DED64F8A4AADDB18E6531E81DDDB023','[]'),('Blindfire.2020.720p.WEBRip.800MB.x264-GalaxyRG ⭐','Blindfire','tt10103028','758935','796.6 MB','356','45','A7E5EF170AAEBFE48A503FB9265D3F7A6F336FDC','[]'),('Boss.Level.2020.1080p.WEB-DL.DD5.1.H264-FGT',NULL,'Not Available',NULL,'3.5 GB','2210','216','BB9E886094756D6B733A75CD76C0F0346A157EC8',NULL),('Boss.Level.2020.1080p.WEBRip.x264-RARBG',NULL,'Not Available',NULL,'1.9 GB','1693','293','07597F0AC1F79F9874D665DDCD7676BAB5F2F3BD',NULL),('Boss.Level.2020.720p.WEBRip.800MB.x264-GalaxyRG ⭐','Boss Level','tt7638348','513310','797.1 MB','1089','142','3482E66FF2E3AC2EFF8F3B0960892526119FE9CE','[\'time loop\']'),('Chhalaang (2020) Hindi  720p WEBRip x264 AAC.ESub',NULL,'Not Available',NULL,'981.9 MB','99','83','6341A8DB9C4ACF55C4D7B860194913C87264BDB5',NULL),('Chhalaang (2020) Hindi (1080p AMZN WEBRip x265 HEVC 10bit DD 5.1 ESub) - [Musafi...',NULL,'Not Available',NULL,'2.1 GB','99','11','D3A0B43A75C3161E0F96A7E58A2C456FBDD931DF',NULL),('Chhalaang (2020) Hindi (720p AMZN WEBRip x265 HEVC 10bit AAC 2.0 ESub) - [Musafi...',NULL,'Not Available',NULL,'1,021.1 MB','100','45','E3E17E3F07DEF2A9ED6116A77E5930E6B8321264',NULL),('Chhalaang (2020) Hindi 720p AMZN WEBRip - 1.3 GB - ESub AAC x264 - Shadow (Bonsa...',NULL,'Not Available',NULL,'1.3 GB','1135','376','CC3869FB660C5830A5806E40D20635A2EDE1E765',NULL),('Chhalaang 2020 Hindi 720p AMZN WEBRip AAC 5.1 ESubs x264 - LOKiHD - Telly',NULL,'Not Available',NULL,'1.3 GB','334','63','7A92D3E57BC934EF909F188B20D15BD9B6CCBFD4',NULL),('Chhalaang 2020 Hindi 720p WebRip x264 AAC 5.1 ESub - mkvCinemas [Telly]',NULL,'Not Available',NULL,'1.2 GB','95','8','B3CD5B6229F4338ECDD7E2365BF30448AF183333',NULL),('Chick.Fight.2020.720p.WEBRip.800MB.x264-GalaxyRG ⭐','Chick Fight','tt10944486','682377','993.9 MB','563','126','D63270CAA865AE6EB439A7A4CBE3E9455670E71C','[]'),('Come.Away.2020.720p.WEBRip.800MB.x264-GalaxyRG ⭐','Come Away','tt5714470','527400','994.8 MB','368','62','115A98F890C6A5F5B88ECE0F13506B6C894AF9C7','[\'woman director\']'),('Dreamland.2020.720p.WEBRip.800MB.x264-GalaxyRG ⭐','Dreamland','tt5294522','480434','797.0 MB','397','73','04110B810DC4EB69C9C25B2A57EAC1D64DE51CC8','[\'bounty hunter\', \'bank robber\', \'fugitive\']'),('Dune.Drifter.2020.720p.WEBRip.800MB.x264-GalaxyRG ⭐','Dune Drifter','tt11835714','744738','796.9 MB','1038','375','CA0E5A5D4092A91B9976EB98B78E5FA59CF63395','[]'),('Fatman.2020.1080p.WEBRip.DDP2.0.x264-NOGRP',NULL,'Not Available',NULL,'4.5 GB','1733','205','211979D72FD23602AE7C3F918B92BA82B3DC69E0',NULL),('Fatman.2020.1080p.WEBRip.x264-RARBG',NULL,'Not Available',NULL,'1.8 GB','1491','200','0CB38D77E9EC4BCA4974F5DCC6FF38FBAC8552F5',NULL),('Fatman.2020.720p.WEBRip.800MB.x264-GalaxyRG ⭐','Fatman','tt10310140','602211','796.9 MB','1259','311','3A7EA086A23C6310F93E4E2362E159C9465BADCB','[\'santa claus\', \'hitman\', \'north pole\', \'evil'),('God, Sex and Truth (2018) 720p WEB-WOW',NULL,'Not Available',NULL,'118.3 MB','241','33','1802EB106BCB192C081C3EDD2E5BACD083BF3344',NULL),('Greenland.2020.1080p.AMZN.WEBRip.DDP5.1.x264-NTG',NULL,'Not Available',NULL,'7.6 GB','3049','490','61D2FE2B6D888BE09DA3306AD751F1F0AC37BC8D',NULL),('Greenland.2020.1080p.WEBRip.x264-RARBG',NULL,'Not Available',NULL,'2.3 GB','1855','233','7416312E17E56AED1B7D4EEBC9FC0713E7024399',NULL),('Greenland.2020.1080p.WEBRip.x265-RARBG',NULL,'Not Available',NULL,'1.9 GB','1251','207','370E7A55AB82914D34B0054E4206677A590C1112',NULL),('Greenland.2020.720p.WEBRip.800MB.x264-GalaxyRG ⭐','Greenland','tt7737786','524047','797.4 MB','2325','714','3E9DA3AB4CB33A5F5C447EBC4ECE453F8D6122F7','[\'husband wife relationship\', \'kidnapping\', \''),('Greenland.2020.HDRip.XviD.AC3-EVO[TGx] ⭐','Greenland','tt7737786','524047','1.5 GB','827','129','327FB9B2165FFD5D91DD223235FED2CA55806F54','[\'husband wife relationship\', \'kidnapping\', \''),('Greenland.2020.WEBRip.x264-ION10',NULL,'Not Available',NULL,'1.1 GB','2422','476','D0AEE62A9ADDF195B278F2F1F7EAD51A0FD2FFFA',NULL),('Happiest.Season.2020.1080p.WEB.H264-NAISU','Happiest Season','tt8522006','520172','2.6 GB','1482','347','832803A6285BB099E83F47658EC14A59C9F839D1','[\'marriage proposal\', \'coming out\', \'romantic'),('Happiest.Season.2020.720p.WEBRip.800MB.x264-GalaxyRG ⭐','Happiest Season','tt8522006','520172','797.5 MB','903','364','FAD92F428CB94C33F1CE75762FB93738774BA2B8','[\'marriage proposal\', \'coming out\', \'romantic'),('Helpless (2020) ULLU Hindi 720p HDRip x264 AAC',NULL,'Not Available',NULL,'429.5 MB','69','7','6F627CD8BFE183AADC3CC883F78EF35AFF6B4AF9',NULL),('Illumination.Presents.Minions.Holiday.Special.2020.720p.WEB.h264-BAE[TGx] ⭐',NULL,'null',NULL,'405.5 MB','758','98','8C8EE3120FEB5890214C4B105600A626F6F0DD34',NULL),('Infidel.2020.720p.WEBRip.800MB.x264-GalaxyRG ⭐','Infidel','tt11229780','649401','797.4 MB','814','236','7E6D65A7694153C5983DFA054094E9708F56DA1D','[]'),('It\'s My Life (2020) Hindi 720p HDTVRip x264 AAC',NULL,'Not Available',NULL,'955.8 MB','197','96','579945231B6A41641FCFDDF3E1F58B22E1BE6980',NULL),('Jane Anjane Mein 2 - Part 1 (Charmsukh) ULLU 720p Hindi WEB-DL 150MB ~mEcHbOy~',NULL,'Not Available',NULL,'139.2 MB','106','2','81B263D1219A50FFA89C7933AE727D6D38FB6109',NULL),('Jane Anjane Mein 2 - Part 2 (Charmsukh) ULLU Hindi 1080p WEB-DL x264 AAC 450mb [...',NULL,'Not Available',NULL,'435.7 MB','227','69','0328E0754DFF7CAD475E341CC725DDB14D54282B',NULL),('Jiu Jitsu.2020.1080p.WEB-DL.H264.AC3-EVO[TGx] ⭐','Jiu Jitsu','tt9624766','590706','3.5 GB','463','77','D5946CE826B6AAB7259B7279EA3393D8E66A3881','[\'jiu-jitsu\']'),('Jiu.Jitsu.2020.720p.WEBRip.800MB.x264-GalaxyRG ⭐','Jiu Jitsu','tt9624766','590706','797.3 MB','1728','265','6BC13233418B07531DF50B8C7030039F07D2C272','[\'jiu-jitsu\']'),('Jungleland.2020.720p.WEBRip.800MB.x264-GalaxyRG ⭐','Jungleland','tt8710596','556501','796.8 MB','315','32','F81124EB00CEA78C76722AB1877C4E1A8888ECF7','[]'),('Last.Three.Days.2020.720p.WEBRip.800MB.x264-GalaxyRG ⭐','Last Three Days','tt6794504','754219','994.4 MB','734','113','6F460FB02EE074CF451325B020AAF6079E4A316D','[\'undercover\']'),('Laxmii (2020) 1080p DSNP WEB-DL HEVC H.265 DDP 5.1 ESub ~ TombDoc',NULL,'Not Available',NULL,'2.8 GB','25','22','079AEFA9209C67BF12020105C7ACEA81CFD1D14D',NULL),('Laxmii (2020) Hindi (1080p WEBRip x265 HEVC 10bit DD 5.1 ESub) - [Musafirboy]',NULL,'Not Available',NULL,'2.2 GB','166','60','280B430C90725BCF09B737794F7EF42256D5440A',NULL),('Laxmii (2020) Hindi 720p WEB-DL x264 ESubs [NW] - MkvHub',NULL,'Not Available',NULL,'1.2 GB','88','299','FCEE4EA2A855637EF93E1F92C32574962BB16A8B',NULL),('Laxmii 2020 Hindi 720p WEBRip ESubs x264 - LOKiHD - Telly',NULL,'Not Available',NULL,'1.3 GB','150','17','44EC321AA50D1264EC8A000E0B91E14C5D464121',NULL),('Laxmii 2020 WebRip 720p Hindi AAC 5.1 x264 ESub - mkvCinemas [Telly]',NULL,'Not Available',NULL,'1.2 GB','255','66','D53B7FDB04167A4505E50DABE8803CAC2F1596DB',NULL),('Laxmii Bomb (2020) Hindi 720p WEBDL x264 AAC. ESub',NULL,'Not Available',NULL,'1.4 GB','1179','229','96BF529A0B875ED96D4061623026703D23CB7F98',NULL),('Laxmii.2020.1080p.DSNP.WEB-DL.DDP.5.1.H264-Telly',NULL,'Not Available',NULL,'3.4 GB','387','136','90CAF9F1407D32FBD79B5C461EA9A73999E20D6E',NULL),('Let.Him.Go.2020.720p.WEBRip.800MB.x264-GalaxyRG ⭐','Let Him Go','tt9340860','596161','797.4 MB','1203','230','EA60D009239A35F9DA05D3629A07800B90E486D7','[\'based on novel or book\']'),('Life.in.a.Year.2020.720p.AMZN.WEBRip.800MB.x264-GalaxyRG ⭐','Life in a Year','tt6598238','447362','797.2 MB','545','158','514018484332021CDF733E4F715BBC036F87E0E6','[]'),('Ludo (2020) Hindi (1080p NF WEBRip x265 HEVC 10bit DD 5.1 MSubs) - [Musafirboy]',NULL,'Not Available',NULL,'2.2 GB','106','18','BCE497182EAC11C578953952DE9D1DD1B8C64E9F',NULL),('Ludo (2020) Hindi (720p NF WEBRip x265 HEVC 10bit AAC 2.0 ESub) - [Musafirboy]',NULL,'Not Available',NULL,'1,020.0 MB','140','55','29A7BD5F51A3679F08714F1F31EFFE72ADD72975',NULL),('Ludo (2020) Hindi 720p NF WEB-DL - 1 GB - ESub AAC x264 - Shadow (BonsaiHD)',NULL,'Not Available',NULL,'1.0 GB','2003','286','4F75FA64AFC9F3EF360DEB74B1CFF49FD5162E04',NULL),('Ludo 2020 Hindi 1080p 10bit NF WEBRip AAC 5.1 x265 HEVC - MoviePirate - Telly',NULL,'Not Available',NULL,'2.7 GB','437','92','59388D873F0C0F058C3C103F58B11F5A4DFE2A5C',NULL),('Ludo 2020 Hindi 720p NF WEBRip AAC 5.1 MSubs x264 - LOKiHD - Telly',NULL,'Not Available',NULL,'1.4 GB','770','161','380F253FC1552D10EA7965359E7BA2B7F75B5F04',NULL),('Ludo 2020 WebRip 720p Hindi AAC 5.1 x264 ESub - mkvCinemas [Telly]',NULL,'Not Available',NULL,'1.3 GB','259','35','58D765C1869218F67102FAB7676436B6B3F68CDD',NULL),('Miss India (2020) 720p WEBRip x264 AAC Multi Aud [ Tel,Mal,Tam ] ESub',NULL,'Not Available',NULL,'1.3 GB','191','20','3A4E873197A6BF936880F8EC3E158A77F7B1B90E',NULL),('Mookuthi Amman (2020) 720p WEBRip x264 AAC Dual Aud [ Tam+Tel ] ESub',NULL,'Not Available',NULL,'1.5 GB','103','15','A96907A41AA2D4D57FEBACAF06B328532CEBC9F0',NULL),('Never Kiss a Man in a Christmas Sweater 2020 Hallmark 720p HDTV X264 Solar',NULL,'Not Available',NULL,'1.0 GB','322','65','AB79ED1307E28F9AE1DD43D8E3DD742FC71D4137',NULL),('Possessor.Uncut.2020.720p.WEBRip.800MB.x264-GalaxyRG ⭐','Possessor Uncut','tt5918982','435615','796.5 MB','424','35','322814C5C12177BC45F9510E041D4D00975AEDAD','[\'dystopia\', \'violence\', \'machine\', \'apartmen'),('Run.2020.1080p.HULU.WEBRip.DDP5.1.x264-NTG',NULL,'Not Available',NULL,'2.4 GB','2298','289','C9E919370C4B817C46037E21E205C4CE6ED8D990',NULL),('Run.2020.WEBRip.x264-ION10',NULL,'Not Available',NULL,'870.9 MB','1411','275','E45D72D7A39DB23690F694EA3424517981DCB589',NULL),('Saakshyam (2018) UNCUT 720p WEB-HDRip x264 Esubs [Dual Audio] [Hindi DD 2.0 - Te...',NULL,'Not Available',NULL,'1.6 GB','324','73','38499C7B48978D63ABCCF64B9A20EF4DF80A7E0C',NULL),('Safeguard.2020.720p.WEBRip.800MB.x264-GalaxyRG ⭐','Safeguard','tt9916190','633490','797.2 MB','368','39','C3D0709B75EFEC8C7B102CB199DE484F1CBE4CC0','[]'),('Skyfire.2019.720p.WEBRip.800MB.x264-GalaxyRG ⭐','Skyfire','tt9203190','604872','797.0 MB','245','24','AEF3BA1E93BF75AF8BBB523FA08620BAF49075DA','[]'),('Soorarai Pottru (2020) 720p WEBRip x264 AAC Multi Aud [ Tel, Tam, Mal, Kan ] ES...',NULL,'Not Available',NULL,'1.5 GB','192','53','0D5982CB388FDBD5D2F8C6B0261F4B284138215B',NULL),('Soorarai Pottru (2020) Tamil (1080p AMZN WEBRip x265 HEVC 10bit DD 5.1 ESub Chap...',NULL,'Not Available',NULL,'2.3 GB','134','29','CED90A0D14E64338E73F1A5F54F093709A7BEB8C',NULL),('Superintelligence.2020.720p.WEBRip.800MB.x264-GalaxyRG ⭐','Superintelligence','tt7178640','521007','797.1 MB','1153','150','B78C88590668A42B3A71294739D0B7AC95670647','[]'),('Tenet 2020 1080p WEB-DL 2.5GB ESubs - MkvHub',NULL,'Not Available',NULL,'2.5 GB','561','249','F02287952733089CFEDB85BFD5D5624153756487',NULL),('Tenet.2020.1080p.HDRip.DD5.1.X.264-EVO[TGx] ⭐','Tenet','tt6723592','577922','2.7 GB','2494','947','2B7C9CCE1B74C9A8CBE97357A9DAC706D0BA6E96','[\'norway\', \'time\', \'espionage\', \'crime scene\''),('Tenet.2020.1080p.HDRip.X264-EVO[TGx] ⭐','Tenet','tt6723592','577922','10.7 GB','750','245','7B0F5B8DF92E63EF2046836FFCDF352B50033ABC','[\'norway\', \'time\', \'espionage\', \'crime scene\''),('Tenet.2020.1080p.HDRip.x264.AAC2.0-SHITBOX','Tenet','tt6723592','577922','4.0 GB','12690','2841','F53691464BD2AD86248045B57FFCB006631D259B','[\'norway\', \'time\', \'espionage\', \'crime scene\''),('Tenet.2020.1080p.HDRip.X264.AC3-EVO',NULL,'Not Available',NULL,'4.2 GB','3238','1398','7759B7A53A7A4FD47185CA303F9BA2096A08A33A',NULL),('Tenet.2020.720p.HDRip.900MB.x264-GalaxyRG ⭐','Tenet','tt6723592','577922','897.9 MB','5342','1721','FAD87ADFB92CBEEB0CF8265B837B76E48971BC40','[\'norway\', \'time\', \'espionage\', \'crime scene\''),('Tenet.2020.HDRip.XviD.AC3-EVO[TGx] ⭐','Tenet','tt6723592','577922','1.8 GB','1061','122','769DB334699777A4F963313735231785F13F1C21','[\'norway\', \'time\', \'espionage\', \'crime scene\''),('The Assignment (2016) UNRATED 720p BluRay x264 Eng Subs [Dual Audio] [Hindi DD 2...',NULL,'Not Available',NULL,'861.8 MB','95','35','5D5DF8287A76F27222C9A4F3ACDB517826EE76BC',NULL),('The New Mutants (2020) 1080p 5.1 - 2.0 x264 Phun Psyz',NULL,'Not Available',NULL,'1.6 GB','549','66','46CD80274F0EB6FAFCE94C06CCD2FCFDCDBBE735',NULL),('The New Mutants.2020.1080p.Bluray.DTS-HD.MA.7.1.X264-EVO[TGx] ⭐','The New Mutants','tt4682266','340102','11.6 GB','986','237','7AC5C8DBDD4CD0903A935657CEF6614B449BCA36','[\'mutant\', \'superhero\', \'based on comic\', \'su'),('The New Mutants.2020.BDRip.XviD.AC3-EVO[TGx] ⭐','The New Mutants','tt4682266','340102','1.4 GB','645','35','A2A438345A3EF495B621887E2FBBC0B1BD64F3DF','[\'mutant\', \'superhero\', \'based on comic\', \'su'),('The.Buddy.Games.2020.DVDRip.850MB.x264-DMV[TGx] ⭐','Buddy Games','tt7070818','472815','846.8 MB','895','165','F9B93ABE058DB3AB475F971F01FA886CC5EA3409','[\'sports\', \'team\']'),('The.Christmas.Chronicles.2.2020.720p.WEBRip.800MB.x264-GalaxyRG ⭐','The Christmas Chronicles: Part Two','tt11057644','654028','794.8 MB','486','89','715825D048BC3AC51A497312AC80ACA1DC91B8FE','[\'santa claus\', \'sequel\', \'christmas\']'),('The.Dark.and.the.Wicked.2020.720p.WEBRip.800MB.x264-GalaxyRG ⭐','The Dark and the Wicked','tt10229558','680593','796.5 MB','309','73','766208F1F7916FC0AC88943B98C1EB3804162FA1','[\'suicide\', \'texas\', \'possession\', \'grief\', \''),('The.Fresh.Prince.of.Bel-Air.Reunion.2020.720p.WEBRip.800MB.x264-GalaxyRG ⭐','The Fresh Prince of Bel-Air Reunion Special','tt13315308','738362','796.4 MB','1272','75','68DBC2D3D463A704EA7CE3147F3240211E839722','[]'),('The.New.Mutants.2020.1080p.BluRay.H264.AAC-RARBG',NULL,'Not Available',NULL,'1.8 GB','2715','548','33782DC16F4601ACBF1E28C65AF9A711B838BA0A',NULL),('The.New.Mutants.2020.1080p.BRRip.DD5.1.X.264-EVO',NULL,'Not Available',NULL,'1.7 GB','1392','325','911E16EF0998382BED56CF59BADF64983F23D021',NULL),('The.New.Mutants.2020.720p.BluRay.800MB.x264-GalaxyRG ⭐','The New Mutants','tt4682266','340102','796.6 MB','3109','1053','5149527E0E68E9F9A7F104B7B35DD1EA0F04B4BD','[\'mutant\', \'superhero\', \'based on comic\', \'su'),('The.Princess.Switch.Switched.Again.2020.REPACK.720p.WEBRip.800MB.x264-GalaxyRG ⭐...','The Princess Switch: Switched Again','tt11199410','643882','792.8 MB','480','213','ABED3917AEDC706A142DFC49A0AC066DA78D59C1','[\'royal family\', \'sequel\', \'look-alike\', \'chr'),('The.SpongeBob.Movie.Sponge.on.the.Run.2020.1080p.WEBRip.x264-RARBG',NULL,'Not Available',NULL,'1.8 GB','627','186','E34B740BDC8CDC134BFE7984C590F59BBD417EC5',NULL),('The.SpongeBob.Movie.Sponge.on.the.Run.2020.WEBRip.x264-ION10',NULL,'Not Available',NULL,'932.5 MB','425','82','B4A740E73243AF3516EB8361BD1AD8100C815CE6',NULL),('The.Swordsman.2020.WEBRip.720p.x264.AAC-Mkvking',NULL,'Not Available',NULL,'956.9 MB','219','28','28E0543C11EA2F846CF040DAA2EB73013B744A57',NULL),('Triggered.2020.720p.WEBRip.800MB.x264-GalaxyRG ⭐','Triggered','tt9419976','715239','796.6 MB','399','50','9FB7C4784683805F4598E1C71D57BBE757A75A88','[]'),('Vanguard.2020.1080p.HC.HDRip.X264.AC3-EVO[TGx] ⭐','Vanguard','tt9695722','604822','3.0 GB','289','74','D725CDA0FC9D4DA998138F4F4A84544AB62DE4A1','[]'),('Vanguard.2020.CHINESE.720p.SUBBED.HDRip.800MB.x264-GalaxyRG ⭐','Vanguard','tt9695722','604822','797.6 MB','220','83','2AAEF9A64399E7A23214E213324BAC2799BEB618','[]'),('Vanguard.2020.HC.HDRip.XviD.AC3-EVO[TGx] ⭐','Vanguard','tt9695722','604822','1.4 GB','934','188','630029F8A15C0CBC8C7958BDCAF48EFE3DE7CCB4','[]'),('Welcome Home (2020) Hindi 720p WEBRip x264 AAC',NULL,'Not Available',NULL,'925.4 MB','44','6','498B53FB701351D92997EFFB4111D5FBF1249734',NULL);
/*!40000 ALTER TABLE `torrent_tmdb_join` ENABLE KEYS */;
UNLOCK TABLES;

--
-- Table structure for table `torrents_1337`
--

DROP TABLE IF EXISTS `torrents_1337`;
/*!40101 SET @saved_cs_client     = @@character_set_client */;
/*!50503 SET character_set_client = utf8mb4 */;
CREATE TABLE `torrents_1337` (
  `torrent_name` varchar(200) NOT NULL,
  `imdb_id` varchar(45) DEFAULT NULL,
  `size` varchar(45) DEFAULT NULL,
  `seeders` varchar(45) DEFAULT NULL,
  `leechers` varchar(45) DEFAULT NULL,
  `infohash` varchar(45) NOT NULL,
  PRIMARY KEY (`torrent_name`,`infohash`),
  KEY `imdb_id_idx` (`imdb_id`)
) ENGINE=InnoDB DEFAULT CHARSET=utf8mb4 COLLATE=utf8mb4_0900_ai_ci;
/*!40101 SET character_set_client = @saved_cs_client */;

--
-- Dumping data for table `torrents_1337`
--

LOCK TABLES `torrents_1337` WRITE;
/*!40000 ALTER TABLE `torrents_1337` DISABLE KEYS */;
INSERT INTO `torrents_1337` VALUES ('3 (Three) (2012) UNCUT 720p WEB-HDRip x264 Esubs [Dual Audio] [Hindi DD 2.0 - Ta...','Not Available','1.6 GB','78','19','8F8568E516D81E1296008FFE82A167B516C73EAD'),('A Timeless Christmas 2020 Hallmark 720p HDTV X264 Solar','Not Available','1.1 GB','339','72','7787857851411973B4FC1A5C6B051E304ED637B5'),('Anwar Ka Ajab Kissa (2020) Hindi (720p WEBRip x265 HEVC 10bit AAC 2.0 ESub) - [M...','Not Available','1,022.2 MB','60','6','6B089BE08A182BA8A7EE84B2188EC55BC7D9FB0C'),('Anwar Ka Ajab Kissa 2020 - Hindi - 720p EROS WEB-DL - AAC 2.0 - H264 - SunGeorge','Not Available','1.2 GB','131','12','75B89EDD0744C27AF2A8614F9D27D61F181BBA54'),('Anwar Ka Ajab Kissa.2020.1080p.EROS.WEB-DL.AAC.2.0.X264-Telly','Not Available','3.1 GB','303','28','DA0A930EC32EAE565324DCBC71B2954A4FAAD8E7'),('Aravinda Sametha Veera Raghava (2018) UNCUT 720p WEB-HDRip x264 [Dual Audio] [Hi...','Not Available','1.6 GB','120','17','2A7C177799D9302921748CFE89973D907B10B7F4'),('Bedroom.Eyes.2017.720p.HDRip.WOW','Not Available','776.2 MB','68','17','3B8AC1F014A23EC959D8D6C3744FB6740C51AFEC'),('Bicchoo.Ka.Khel.S01.2020.1080p.ALT.WEB-DL.AAC2.0.x264-Telly','Not Available','5.5 GB','180','48','57096C622D5260CDF2CB445FF28BD5373960B578'),('Bigfoot.Family.2020.720p.WEBRip.800MB.x264-GalaxyRG ⭐','tt9204164','796.5 MB','548','55','EBC13A7C0AEE7E3959A302290C116A38AF048F71'),('Black.Beauty.2020.720p.DSNP.WEBRip.800MB.x264-GalaxyRG ⭐','tt8484160','793.1 MB','465','87','F4E68E489DED64F8A4AADDB18E6531E81DDDB023'),('Blindfire.2020.720p.WEBRip.800MB.x264-GalaxyRG ⭐','tt10103028','796.6 MB','356','45','A7E5EF170AAEBFE48A503FB9265D3F7A6F336FDC'),('Boss.Level.2020.1080p.WEB-DL.DD5.1.H264-FGT','Not Available','3.5 GB','2210','216','BB9E886094756D6B733A75CD76C0F0346A157EC8'),('Boss.Level.2020.1080p.WEBRip.x264-RARBG','Not Available','1.9 GB','1693','293','07597F0AC1F79F9874D665DDCD7676BAB5F2F3BD'),('Boss.Level.2020.720p.WEBRip.800MB.x264-GalaxyRG ⭐','tt7638348','797.1 MB','1089','142','3482E66FF2E3AC2EFF8F3B0960892526119FE9CE'),('Chhalaang (2020) Hindi  720p WEBRip x264 AAC.ESub','Not Available','981.9 MB','99','83','6341A8DB9C4ACF55C4D7B860194913C87264BDB5'),('Chhalaang (2020) Hindi (1080p AMZN WEBRip x265 HEVC 10bit DD 5.1 ESub) - [Musafi...','Not Available','2.1 GB','99','11','D3A0B43A75C3161E0F96A7E58A2C456FBDD931DF'),('Chhalaang (2020) Hindi (720p AMZN WEBRip x265 HEVC 10bit AAC 2.0 ESub) - [Musafi...','Not Available','1,021.1 MB','100','45','E3E17E3F07DEF2A9ED6116A77E5930E6B8321264'),('Chhalaang (2020) Hindi 720p AMZN WEBRip - 1.3 GB - ESub AAC x264 - Shadow (Bonsa...','Not Available','1.3 GB','1135','376','CC3869FB660C5830A5806E40D20635A2EDE1E765'),('Chhalaang 2020 Hindi 720p AMZN WEBRip AAC 5.1 ESubs x264 - LOKiHD - Telly','Not Available','1.3 GB','334','63','7A92D3E57BC934EF909F188B20D15BD9B6CCBFD4'),('Chhalaang 2020 Hindi 720p WebRip x264 AAC 5.1 ESub - mkvCinemas [Telly]','Not Available','1.2 GB','95','8','B3CD5B6229F4338ECDD7E2365BF30448AF183333'),('Chick.Fight.2020.720p.WEBRip.800MB.x264-GalaxyRG ⭐','tt10944486','993.9 MB','563','126','D63270CAA865AE6EB439A7A4CBE3E9455670E71C'),('Come.Away.2020.720p.WEBRip.800MB.x264-GalaxyRG ⭐','tt5714470','994.8 MB','368','62','115A98F890C6A5F5B88ECE0F13506B6C894AF9C7'),('Dreamland.2020.720p.WEBRip.800MB.x264-GalaxyRG ⭐','tt5294522','797.0 MB','397','73','04110B810DC4EB69C9C25B2A57EAC1D64DE51CC8'),('Dune.Drifter.2020.720p.WEBRip.800MB.x264-GalaxyRG ⭐','tt11835714','796.9 MB','1038','375','CA0E5A5D4092A91B9976EB98B78E5FA59CF63395'),('Fatman.2020.1080p.WEBRip.DDP2.0.x264-NOGRP','Not Available','4.5 GB','1733','205','211979D72FD23602AE7C3F918B92BA82B3DC69E0'),('Fatman.2020.1080p.WEBRip.x264-RARBG','Not Available','1.8 GB','1491','200','0CB38D77E9EC4BCA4974F5DCC6FF38FBAC8552F5'),('Fatman.2020.720p.WEBRip.800MB.x264-GalaxyRG ⭐','tt10310140','796.9 MB','1259','311','3A7EA086A23C6310F93E4E2362E159C9465BADCB'),('God, Sex and Truth (2018) 720p WEB-WOW','Not Available','118.3 MB','241','33','1802EB106BCB192C081C3EDD2E5BACD083BF3344'),('Greenland.2020.1080p.AMZN.WEBRip.DDP5.1.x264-NTG','Not Available','7.6 GB','3049','490','61D2FE2B6D888BE09DA3306AD751F1F0AC37BC8D'),('Greenland.2020.1080p.WEBRip.x264-RARBG','Not Available','2.3 GB','1855','233','7416312E17E56AED1B7D4EEBC9FC0713E7024399'),('Greenland.2020.1080p.WEBRip.x265-RARBG','Not Available','1.9 GB','1251','207','370E7A55AB82914D34B0054E4206677A590C1112'),('Greenland.2020.720p.WEBRip.800MB.x264-GalaxyRG ⭐','tt7737786','797.4 MB','2325','714','3E9DA3AB4CB33A5F5C447EBC4ECE453F8D6122F7'),('Greenland.2020.HDRip.XviD.AC3-EVO[TGx] ⭐','tt7737786','1.5 GB','827','129','327FB9B2165FFD5D91DD223235FED2CA55806F54'),('Greenland.2020.WEBRip.x264-ION10','Not Available','1.1 GB','2422','476','D0AEE62A9ADDF195B278F2F1F7EAD51A0FD2FFFA'),('Happiest.Season.2020.1080p.WEB.H264-NAISU','tt8522006','2.6 GB','1482','347','832803A6285BB099E83F47658EC14A59C9F839D1'),('Happiest.Season.2020.720p.WEBRip.800MB.x264-GalaxyRG ⭐','tt8522006','797.5 MB','903','364','FAD92F428CB94C33F1CE75762FB93738774BA2B8'),('Helpless (2020) ULLU Hindi 720p HDRip x264 AAC','Not Available','429.5 MB','69','7','6F627CD8BFE183AADC3CC883F78EF35AFF6B4AF9'),('Illumination.Presents.Minions.Holiday.Special.2020.720p.WEB.h264-BAE[TGx] ⭐','null','405.5 MB','758','98','8C8EE3120FEB5890214C4B105600A626F6F0DD34'),('Infidel.2020.720p.WEBRip.800MB.x264-GalaxyRG ⭐','tt11229780','797.4 MB','814','236','7E6D65A7694153C5983DFA054094E9708F56DA1D'),('It\'s My Life (2020) Hindi 720p HDTVRip x264 AAC','Not Available','955.8 MB','197','96','579945231B6A41641FCFDDF3E1F58B22E1BE6980'),('Jane Anjane Mein 2 - Part 1 (Charmsukh) ULLU 720p Hindi WEB-DL 150MB ~mEcHbOy~','Not Available','139.2 MB','106','2','81B263D1219A50FFA89C7933AE727D6D38FB6109'),('Jane Anjane Mein 2 - Part 2 (Charmsukh) ULLU Hindi 1080p WEB-DL x264 AAC 450mb [...','Not Available','435.7 MB','227','69','0328E0754DFF7CAD475E341CC725DDB14D54282B'),('Jiu Jitsu.2020.1080p.WEB-DL.H264.AC3-EVO[TGx] ⭐','tt9624766','3.5 GB','463','77','D5946CE826B6AAB7259B7279EA3393D8E66A3881'),('Jiu.Jitsu.2020.720p.WEBRip.800MB.x264-GalaxyRG ⭐','tt9624766','797.3 MB','1728','265','6BC13233418B07531DF50B8C7030039F07D2C272'),('Jungleland.2020.720p.WEBRip.800MB.x264-GalaxyRG ⭐','tt8710596','796.8 MB','315','32','F81124EB00CEA78C76722AB1877C4E1A8888ECF7'),('Last.Three.Days.2020.720p.WEBRip.800MB.x264-GalaxyRG ⭐','tt6794504','994.4 MB','734','113','6F460FB02EE074CF451325B020AAF6079E4A316D'),('Laxmii (2020) 1080p DSNP WEB-DL HEVC H.265 DDP 5.1 ESub ~ TombDoc','Not Available','2.8 GB','25','22','079AEFA9209C67BF12020105C7ACEA81CFD1D14D'),('Laxmii (2020) Hindi (1080p WEBRip x265 HEVC 10bit DD 5.1 ESub) - [Musafirboy]','Not Available','2.2 GB','166','60','280B430C90725BCF09B737794F7EF42256D5440A'),('Laxmii (2020) Hindi 720p WEB-DL x264 ESubs [NW] - MkvHub','Not Available','1.2 GB','88','299','FCEE4EA2A855637EF93E1F92C32574962BB16A8B'),('Laxmii 2020 Hindi 720p WEBRip ESubs x264 - LOKiHD - Telly','Not Available','1.3 GB','150','17','44EC321AA50D1264EC8A000E0B91E14C5D464121'),('Laxmii 2020 WebRip 720p Hindi AAC 5.1 x264 ESub - mkvCinemas [Telly]','Not Available','1.2 GB','255','66','D53B7FDB04167A4505E50DABE8803CAC2F1596DB'),('Laxmii Bomb (2020) Hindi 720p WEBDL x264 AAC. ESub','Not Available','1.4 GB','1179','229','96BF529A0B875ED96D4061623026703D23CB7F98'),('Laxmii.2020.1080p.DSNP.WEB-DL.DDP.5.1.H264-Telly','Not Available','3.4 GB','387','136','90CAF9F1407D32FBD79B5C461EA9A73999E20D6E'),('Let.Him.Go.2020.720p.WEBRip.800MB.x264-GalaxyRG ⭐','tt9340860','797.4 MB','1203','230','EA60D009239A35F9DA05D3629A07800B90E486D7'),('Life.in.a.Year.2020.720p.AMZN.WEBRip.800MB.x264-GalaxyRG ⭐','tt6598238','797.2 MB','545','158','514018484332021CDF733E4F715BBC036F87E0E6'),('Ludo (2020) Hindi (1080p NF WEBRip x265 HEVC 10bit DD 5.1 MSubs) - [Musafirboy]','Not Available','2.2 GB','106','18','BCE497182EAC11C578953952DE9D1DD1B8C64E9F'),('Ludo (2020) Hindi (720p NF WEBRip x265 HEVC 10bit AAC 2.0 ESub) - [Musafirboy]','Not Available','1,020.0 MB','140','55','29A7BD5F51A3679F08714F1F31EFFE72ADD72975'),('Ludo (2020) Hindi 720p NF WEB-DL - 1 GB - ESub AAC x264 - Shadow (BonsaiHD)','Not Available','1.0 GB','2003','286','4F75FA64AFC9F3EF360DEB74B1CFF49FD5162E04'),('Ludo 2020 Hindi 1080p 10bit NF WEBRip AAC 5.1 x265 HEVC - MoviePirate - Telly','Not Available','2.7 GB','437','92','59388D873F0C0F058C3C103F58B11F5A4DFE2A5C'),('Ludo 2020 Hindi 720p NF WEBRip AAC 5.1 MSubs x264 - LOKiHD - Telly','Not Available','1.4 GB','770','161','380F253FC1552D10EA7965359E7BA2B7F75B5F04'),('Ludo 2020 WebRip 720p Hindi AAC 5.1 x264 ESub - mkvCinemas [Telly]','Not Available','1.3 GB','259','35','58D765C1869218F67102FAB7676436B6B3F68CDD'),('Miss India (2020) 720p WEBRip x264 AAC Multi Aud [ Tel,Mal,Tam ] ESub','Not Available','1.3 GB','191','20','3A4E873197A6BF936880F8EC3E158A77F7B1B90E'),('Mookuthi Amman (2020) 720p WEBRip x264 AAC Dual Aud [ Tam+Tel ] ESub','Not Available','1.5 GB','103','15','A96907A41AA2D4D57FEBACAF06B328532CEBC9F0'),('Never Kiss a Man in a Christmas Sweater 2020 Hallmark 720p HDTV X264 Solar','Not Available','1.0 GB','322','65','AB79ED1307E28F9AE1DD43D8E3DD742FC71D4137'),('Possessor.Uncut.2020.720p.WEBRip.800MB.x264-GalaxyRG ⭐','tt5918982','796.5 MB','424','35','322814C5C12177BC45F9510E041D4D00975AEDAD'),('Run.2020.1080p.HULU.WEBRip.DDP5.1.x264-NTG','Not Available','2.4 GB','2298','289','C9E919370C4B817C46037E21E205C4CE6ED8D990'),('Run.2020.WEBRip.x264-ION10','Not Available','870.9 MB','1411','275','E45D72D7A39DB23690F694EA3424517981DCB589'),('Saakshyam (2018) UNCUT 720p WEB-HDRip x264 Esubs [Dual Audio] [Hindi DD 2.0 - Te...','Not Available','1.6 GB','324','73','38499C7B48978D63ABCCF64B9A20EF4DF80A7E0C'),('Safeguard.2020.720p.WEBRip.800MB.x264-GalaxyRG ⭐','tt9916190','797.2 MB','368','39','C3D0709B75EFEC8C7B102CB199DE484F1CBE4CC0'),('Skyfire.2019.720p.WEBRip.800MB.x264-GalaxyRG ⭐','tt9203190','797.0 MB','245','24','AEF3BA1E93BF75AF8BBB523FA08620BAF49075DA'),('Soorarai Pottru (2020) 720p WEBRip x264 AAC Multi Aud [ Tel, Tam, Mal, Kan ] ES...','Not Available','1.5 GB','192','53','0D5982CB388FDBD5D2F8C6B0261F4B284138215B'),('Soorarai Pottru (2020) Tamil (1080p AMZN WEBRip x265 HEVC 10bit DD 5.1 ESub Chap...','Not Available','2.3 GB','134','29','CED90A0D14E64338E73F1A5F54F093709A7BEB8C'),('Superintelligence.2020.720p.WEBRip.800MB.x264-GalaxyRG ⭐','tt7178640','797.1 MB','1153','150','B78C88590668A42B3A71294739D0B7AC95670647'),('Tenet 2020 1080p WEB-DL 2.5GB ESubs - MkvHub','Not Available','2.5 GB','561','249','F02287952733089CFEDB85BFD5D5624153756487'),('Tenet.2020.1080p.HDRip.DD5.1.X.264-EVO[TGx] ⭐','tt6723592','2.7 GB','2494','947','2B7C9CCE1B74C9A8CBE97357A9DAC706D0BA6E96'),('Tenet.2020.1080p.HDRip.X264-EVO[TGx] ⭐','tt6723592','10.7 GB','750','245','7B0F5B8DF92E63EF2046836FFCDF352B50033ABC'),('Tenet.2020.1080p.HDRip.x264.AAC2.0-SHITBOX','tt6723592','4.0 GB','12690','2841','F53691464BD2AD86248045B57FFCB006631D259B'),('Tenet.2020.1080p.HDRip.X264.AC3-EVO','Not Available','4.2 GB','3238','1398','7759B7A53A7A4FD47185CA303F9BA2096A08A33A'),('Tenet.2020.720p.HDRip.900MB.x264-GalaxyRG ⭐','tt6723592','897.9 MB','5342','1721','FAD87ADFB92CBEEB0CF8265B837B76E48971BC40'),('Tenet.2020.HDRip.XviD.AC3-EVO[TGx] ⭐','tt6723592','1.8 GB','1061','122','769DB334699777A4F963313735231785F13F1C21'),('The Assignment (2016) UNRATED 720p BluRay x264 Eng Subs [Dual Audio] [Hindi DD 2...','Not Available','861.8 MB','95','35','5D5DF8287A76F27222C9A4F3ACDB517826EE76BC'),('The New Mutants (2020) 1080p 5.1 - 2.0 x264 Phun Psyz','Not Available','1.6 GB','549','66','46CD80274F0EB6FAFCE94C06CCD2FCFDCDBBE735'),('The New Mutants.2020.1080p.Bluray.DTS-HD.MA.7.1.X264-EVO[TGx] ⭐','tt4682266','11.6 GB','986','237','7AC5C8DBDD4CD0903A935657CEF6614B449BCA36'),('The New Mutants.2020.BDRip.XviD.AC3-EVO[TGx] ⭐','tt4682266','1.4 GB','645','35','A2A438345A3EF495B621887E2FBBC0B1BD64F3DF'),('The.Buddy.Games.2020.DVDRip.850MB.x264-DMV[TGx] ⭐','tt7070818','846.8 MB','895','165','F9B93ABE058DB3AB475F971F01FA886CC5EA3409'),('The.Christmas.Chronicles.2.2020.720p.WEBRip.800MB.x264-GalaxyRG ⭐','tt11057644','794.8 MB','486','89','715825D048BC3AC51A497312AC80ACA1DC91B8FE'),('The.Dark.and.the.Wicked.2020.720p.WEBRip.800MB.x264-GalaxyRG ⭐','tt10229558','796.5 MB','309','73','766208F1F7916FC0AC88943B98C1EB3804162FA1'),('The.Fresh.Prince.of.Bel-Air.Reunion.2020.720p.WEBRip.800MB.x264-GalaxyRG ⭐','tt13315308','796.4 MB','1272','75','68DBC2D3D463A704EA7CE3147F3240211E839722'),('The.New.Mutants.2020.1080p.BluRay.H264.AAC-RARBG','Not Available','1.8 GB','2715','548','33782DC16F4601ACBF1E28C65AF9A711B838BA0A'),('The.New.Mutants.2020.1080p.BRRip.DD5.1.X.264-EVO','Not Available','1.7 GB','1392','325','911E16EF0998382BED56CF59BADF64983F23D021'),('The.New.Mutants.2020.720p.BluRay.800MB.x264-GalaxyRG ⭐','tt4682266','796.6 MB','3109','1053','5149527E0E68E9F9A7F104B7B35DD1EA0F04B4BD'),('The.Princess.Switch.Switched.Again.2020.REPACK.720p.WEBRip.800MB.x264-GalaxyRG ⭐...','tt11199410','792.8 MB','480','213','ABED3917AEDC706A142DFC49A0AC066DA78D59C1'),('The.SpongeBob.Movie.Sponge.on.the.Run.2020.1080p.WEBRip.x264-RARBG','Not Available','1.8 GB','627','186','E34B740BDC8CDC134BFE7984C590F59BBD417EC5'),('The.SpongeBob.Movie.Sponge.on.the.Run.2020.WEBRip.x264-ION10','Not Available','932.5 MB','425','82','B4A740E73243AF3516EB8361BD1AD8100C815CE6'),('The.Swordsman.2020.WEBRip.720p.x264.AAC-Mkvking','Not Available','956.9 MB','219','28','28E0543C11EA2F846CF040DAA2EB73013B744A57'),('Triggered.2020.720p.WEBRip.800MB.x264-GalaxyRG ⭐','tt9419976','796.6 MB','399','50','9FB7C4784683805F4598E1C71D57BBE757A75A88'),('Vanguard.2020.1080p.HC.HDRip.X264.AC3-EVO[TGx] ⭐','tt9695722','3.0 GB','289','74','D725CDA0FC9D4DA998138F4F4A84544AB62DE4A1'),('Vanguard.2020.CHINESE.720p.SUBBED.HDRip.800MB.x264-GalaxyRG ⭐','tt9695722','797.6 MB','220','83','2AAEF9A64399E7A23214E213324BAC2799BEB618'),('Vanguard.2020.HC.HDRip.XviD.AC3-EVO[TGx] ⭐','tt9695722','1.4 GB','934','188','630029F8A15C0CBC8C7958BDCAF48EFE3DE7CCB4'),('Welcome Home (2020) Hindi 720p WEBRip x264 AAC','Not Available','925.4 MB','44','6','498B53FB701351D92997EFFB4111D5FBF1249734');
/*!40000 ALTER TABLE `torrents_1337` ENABLE KEYS */;
UNLOCK TABLES;

--
-- Dumping events for database 'challenge'
--

--
-- Dumping routines for database 'challenge'
--
SET @@SESSION.SQL_LOG_BIN = @MYSQLDUMP_TEMP_LOG_BIN;
/*!40103 SET TIME_ZONE=@OLD_TIME_ZONE */;

/*!40101 SET SQL_MODE=@OLD_SQL_MODE */;
/*!40014 SET FOREIGN_KEY_CHECKS=@OLD_FOREIGN_KEY_CHECKS */;
/*!40014 SET UNIQUE_CHECKS=@OLD_UNIQUE_CHECKS */;
/*!40101 SET CHARACTER_SET_CLIENT=@OLD_CHARACTER_SET_CLIENT */;
/*!40101 SET CHARACTER_SET_RESULTS=@OLD_CHARACTER_SET_RESULTS */;
/*!40101 SET COLLATION_CONNECTION=@OLD_COLLATION_CONNECTION */;
/*!40111 SET SQL_NOTES=@OLD_SQL_NOTES */;

-- Dump completed on 2020-12-03 14:39:26
